Query,Clicks,Impressions,CTR,Position
pimp my drawing,4004,4567,87.67%,1
pimpmydrawing,2219,2448,90.65%,1
people dwg,522,3683,14.17%,3.33
pimp my drawings,417,454,91.85%,1
cad people,281,2741,10.25%,4.66
dwg people,203,1121,18.11%,3.05
car dwg,139,3255,4.27%,4.65
people cad blocks,135,1447,9.33%,5.36
people cad,126,1676,7.52%,5.52
pimpmydrawings,113,127,88.98%,1
people cad block,105,2001,5.25%,6.19
tree dwg,103,4455,2.31%,5.47
cad blocks people,98,1239,7.91%,5.67
person dwg,89,549,16.21%,2.92
cad block people,87,1182,7.36%,5.67
autocad person silhouette,81,344,23.55%,2.24
silhouette dwg,69,845,8.17%,5.04
cad silhouette,53,150,35.33%,1.6
pimpmy drawing,51,63,80.95%,1
people dwg free,50,165,30.3%,2.41
free dwg people,49,98,50%,1.14
human silhouette dwg,41,126,32.54%,2.4
trees dwg,40,1736,2.3%,6.57
cad scale figures,38,108,35.19%,1.15
silhouette cad,37,163,22.7%,2.28
cars dwg,36,532,6.77%,4.29
people silhouette dwg,34,125,27.2%,2.4
man dwg,33,314,10.51%,3.7
cad trees,31,1758,1.76%,7.85
sanaa silhouettes dwg,31,158,19.62%,4.18
tree cad block,28,2820,0.99%,7.87
dwg person,28,204,13.73%,2.76
car dwg free,28,155,18.06%,3.06
cad people free,27,75,36%,2.36
autocad people,26,1163,2.24%,7.52
autocad people blocks,26,549,4.74%,6.37
cad person,25,634,3.94%,5.54
dwg trees,24,715,3.36%,6.59
person cad block,24,391,6.14%,5.95
dwg people free,24,68,35.29%,2.26
dwg person silhouette,24,61,39.34%,1.89
people silhouette cad,23,66,34.85%,1.79
human silhouette cad,20,71,28.17%,2.75
car cad block,19,2813,0.68%,7.52
free cad blocks people,19,115,16.52%,4.2
2d people cad,19,67,28.36%,2.64
construction worker dwg,19,52,36.54%,4.65
scale figure cad block,18,81,22.22%,2.98
free cad people,17,188,9.04%,3.97
people cad free,17,67,25.37%,3.16
pimp my cad,17,19,89.47%,1
pimp drawing,16,264,6.06%,1.15
2d cad people-download-free,16,240,6.67%,5.08
sanaa people dwg,16,175,9.14%,7.19
2d cad people,16,74,21.62%,2.62
2d people dwg,16,52,30.77%,2.13
scale figure dwg,16,45,35.56%,1.84
cad blocks trees,15,1337,1.12%,7.24
trees cad blocks,15,1314,1.14%,8.29
tree cad blocks,15,1017,1.47%,8.13
people autocad,15,531,2.82%,7.96
dwg car,15,498,3.01%,5.47
cad people download,15,55,27.27%,3.04
tree cad,14,2028,0.69%,7.12
free people dwg,14,40,35%,1.77
cad tree,13,1396,0.93%,6.33
car cad blocks,13,675,1.93%,7.69
autocad 2d car dwg free download,13,455,2.86%,9.1
tree dwg free,13,184,7.07%,5.58
cad people blocks,13,119,10.92%,5.61
construction worker cad block,13,109,11.93%,4.55
silhouettes dwg,13,84,15.48%,3.44
rhino 2d trees,13,52,25%,1.5
cad block,12,739,1.62%,15.66
cad block person sitting elevation side,12,254,4.72%,8.56
dwg silhouette,12,106,11.32%,4.6
people.dwg,12,76,15.79%,3.13
people 2d dwg,12,52,23.08%,3.13
person cad,11,238,4.62%,5.53
pine tree dwg,11,140,7.86%,7.63
cad entourage,11,44,25%,1.77
cad block car,10,633,1.58%,6.97
cad cars,10,625,1.6%,7.62
cad block person,10,221,4.52%,6.68
man cad block,10,161,6.21%,5.18
worker dwg,10,143,6.99%,7.27
olive tree dwg,10,126,7.94%,2.02
autocad silhouette,10,112,8.93%,5.57
person silhouette dwg,10,31,32.26%,1.84
2d trees dwg,10,29,34.48%,2.48
dwg tree,9,787,1.14%,6.74
free cad blocks,9,379,2.37%,27.73
my cad blocks,9,183,4.92%,4.69
vector scale figures,9,170,5.29%,6.88
car cad block free,9,141,6.38%,5.27
dwg man,9,108,8.33%,3.51
cadblock people,9,105,8.57%,3.35
people 2d cad,9,40,22.5%,4.03
tree 2d dwg,9,33,27.27%,1.67
cad blocks cars,8,382,2.09%,7.05
cad figures,8,141,5.67%,5.55
axo people,8,136,5.88%,1.76
people in cad,8,133,6.02%,6.68
pimp drawings,8,120,6.67%,1.51
car dwg free download,8,101,7.92%,4.94
autocad people block,8,81,9.88%,7.56
trees dwg free,8,75,10.67%,5.6
people cad file,8,68,11.76%,4.51
tree silhouette dwg,8,45,17.78%,1.24
people .dwg,8,45,17.78%,2.56
people dwg free download,8,30,26.67%,2
free car dwg,8,22,36.36%,1.5
human cad block,7,700,1%,8.29
trees cad,7,656,1.07%,8.2
dwg cars,7,165,4.24%,3.81
people sitting dwg,7,136,5.15%,8.33
free dwg blocks,7,125,5.6%,10.3
cad people block,7,119,5.88%,5.49
stroller dwg,7,93,7.53%,8.74
free cad block people,7,75,9.33%,4.55
cad people dwg,7,62,11.29%,3.5
2d tree dwg,7,48,14.58%,2.96
site worker cad block,7,48,14.58%,8.15
people walking dwg,7,34,20.59%,3.56
isometric people dwg,7,24,29.17%,2.42
car cad,6,1509,0.4%,8.1
cad car,6,1125,0.53%,7.27
people autocad block,6,264,2.27%,7.41
people sitting cad block,6,163,3.68%,9.75
sitting people dwg,6,158,3.8%,7.14
sitting people cad block,6,107,5.61%,7.42
free cad blocks trees,6,100,6%,5.57
car .dwg,6,95,6.32%,5.27
people elevation dwg,6,92,6.52%,6.36
volvo dwg,6,79,7.59%,6.95
cars dwg free download,6,57,10.53%,4.65
people cad block free,6,55,10.91%,4.33
sitting dwg,6,53,11.32%,5.51
cad person silhouette,6,38,15.79%,1.55
tree 2d cad,6,35,17.14%,1.31
people cad dwg,6,32,18.75%,3.62
pimp my draw,6,6,100%,1
cad blocks,5,1799,0.28%,23.7
cad block trees,5,894,0.56%,7.86
tree 2d,5,883,0.57%,1.31
cad block tree,5,570,0.88%,7.87
trees cad block,5,570,0.88%,8.39
cad blocks free,5,450,1.11%,21.04
human figure cad block,5,294,1.7%,8.46
cad car block,5,207,2.42%,8.45
car block dwg,5,194,2.58%,6.66
car.dwg,5,169,2.96%,4.92
tree.dwg,5,156,3.21%,5.37
human figure dwg,5,139,3.6%,8.29
people block cad,5,102,4.9%,6.98
kids dwg,5,97,5.15%,8.29
tree dwg download,5,78,6.41%,7.92
car 2d dwg,5,68,7.35%,4.06
dwg people sitting,5,46,10.87%,7.09
people outline dwg,5,42,11.9%,5.48
sanaa people.zip,5,37,13.51%,10.05
free people cad blocks,5,33,15.15%,3.55
people dxf,5,33,15.15%,6.18
free autocad blocks people,5,22,22.73%,5.77
car dwg 2d,5,14,35.71%,2.29
cad people silhouette,5,12,41.67%,1.17
people working dwg,5,9,55.56%,2.67
human cad blocks,4,361,1.11%,9.17
autocad blocks people,4,168,2.38%,7.33
tree dwg free download,4,161,2.48%,8.39
car dwg block,4,137,2.92%,5.77
human dwg,4,133,3.01%,9.91
humans cad blocks,4,132,3.03%,8.73
bag cad block,4,105,3.81%,5.61
chef dwg,4,56,7.14%,7.09
cad tree blocks,4,53,7.55%,12.47
people cad plan,4,50,8%,7.66
man sitting dwg,4,47,8.51%,6.19
free tree dwg,4,46,8.7%,5.59
pimp vector,4,43,9.3%,6.51
personen dwg kostenlos,4,38,10.53%,11.08
free dwg tree,4,31,12.9%,4.71
people cad blocks free,4,16,25%,3.94
tree dwg 2d,4,12,33.33%,1.92
isometric people cad,4,7,57.14%,2.14
2d trees,3,692,0.43%,2.47
free autocad blocks-people in elevation,3,243,1.23%,9.71
cad block cars,3,188,1.6%,5.59
cars cad,3,152,1.97%,8.33
people elevation,3,143,2.1%,3.51
dwg blocks,3,122,2.46%,16.28
how to draw an old man standing,3,119,2.52%,2.32
bag dwg,3,117,2.56%,7.68
autocad scale figures,3,107,2.8%,8.43
tree block cad,3,97,3.09%,9.59
free dwg models,3,88,3.41%,9.4
free cad trees,3,82,3.66%,8.72
car dwg file free download,3,81,3.7%,6.53
architecture human figure download,3,69,4.35%,8.55
sanaa silhouettes download,3,64,4.69%,9.28
autocad car dwg free download,3,60,5%,10.25
car cad plan,3,58,5.17%,6.78
scale figures silhouettes,3,57,5.26%,6.56
worker cad block,3,54,5.56%,7.67
dwg trees free download,3,54,5.56%,8.28
cad person block,3,53,5.66%,5.34
olive tree cad block,3,52,5.77%,4.13
free autocad people,3,48,6.25%,5.56
free car cad blocks,3,47,6.38%,4.32
cad drawings of people,3,45,6.67%,3.18
woman dwg,3,45,6.67%,7.27
cadblocks people,3,44,6.82%,4.77
2d cad trees,3,43,6.98%,1.53
2d tree cad,3,37,8.11%,1.65
people cad drawing,3,37,8.11%,4.3
cad blocks people sitting,3,35,8.57%,8.97
people swimming dwg,3,29,10.34%,7.34
cad people sitting,3,29,10.34%,7.79
people for autocad,3,27,11.11%,6.59
cad block silhouette,3,23,13.04%,1.96
people block dwg,3,23,13.04%,5.35
stroller cad block,3,18,16.67%,9.33
silhouette people dwg,3,16,18.75%,2.38
car 2d cad,3,13,23.08%,3.31
autocad people free,3,10,30%,3.9
dwgfree,3,9,33.33%,3.11
cadblock,2,1971,0.1%,9.74
dwg to ai,2,473,0.42%,10.69
free autocad blocks,2,338,0.59%,35.52
cad blocks car,2,274,0.73%,6.13
car block cad,2,172,1.16%,8.99
cad block human,2,153,1.31%,8.09
autocad block people,2,140,1.43%,7.94
cad car blocks,2,127,1.57%,8.35
menschen dwg,2,120,1.67%,9.27
people autocad blocks,2,99,2.02%,7.55
free tree cad blocks,2,87,2.3%,6.4
rhino tree block,2,85,2.35%,9.54
cad tree block,2,84,2.38%,9.5
silouette dwg,2,83,2.41%,6
tree cad dwg,2,78,2.56%,6.62
sunglasses cad block,2,78,2.56%,8.59
cad blocks human,2,76,2.63%,7.82
block cad,2,75,2.67%,43.13
trees dwg free download,2,72,2.78%,7.18
person block autocad,2,68,2.94%,7.22
sanaa people cad,2,67,2.99%,6.55
car in cad,2,66,3.03%,8.88
car cad download,2,65,3.08%,7.02
free cad block,2,63,3.17%,25.84
sitting man dwg,2,62,3.23%,6.42
autocad block person,2,61,3.28%,6.9
pine dwg,2,58,3.45%,7.45
sanaa dwg,2,57,3.51%,7.49
cad drawing car,2,55,3.64%,7.84
car dwg download,2,53,3.77%,4.6
person sitting dwg,2,53,3.77%,6.98
cad figure,2,52,3.85%,6.87
luggage cad block,2,52,3.85%,8
pine tree cad block,2,51,3.92%,9.04
car dwg file,2,50,4%,7.6
dwg tree free,2,49,4.08%,5.51
pine tree cad,2,49,4.08%,6.84
vector dwg,2,47,4.26%,6.06
cad blocks download,2,47,4.26%,20.85
car cad blocks free download,2,42,4.76%,8.21
autocad 2d people,2,39,5.13%,4.54
cad block man,2,38,5.26%,4.47
2d dwg,2,38,5.26%,12.95
people blocks cad,2,35,5.71%,5.8
sitting person dwg,2,33,6.06%,7.85
luggage dwg,2,33,6.06%,8.12
car cad file,2,32,6.25%,9.81
band cad block,2,32,6.25%,10.16
dwg blocks free download,2,32,6.25%,19.69
2d tree vector,2,29,6.9%,1.28
people sitting cad,2,29,6.9%,10.14
autocad 2d tree blocks free download,2,29,6.9%,17.59
dwg file free download,2,27,7.41%,73.89
autocad people dwg,2,24,8.33%,6.04
person dxf,2,23,8.7%,3.65
free dwg trees,2,23,8.7%,4.61
cad blocks free download 2d,2,22,9.09%,20.77
silouhette dwg,2,18,11.11%,5.33
2d cad car,2,17,11.76%,2.76
cad person standing,2,17,11.76%,3.12
car block dwg free download,2,15,13.33%,6.53
cad people png,2,14,14.29%,1
cad trees 2d,2,14,14.29%,1.43
people walking cad block,2,12,16.67%,3.5
2d vector people,2,11,18.18%,1.18
people free dwg,2,10,20%,2.2
cad blocks of people,2,10,20%,4.4
cad car download,2,10,20%,5.2
cad block people free,2,9,22.22%,4
people top view dwg,2,8,25%,15.25
people in plan cad,2,7,28.57%,10.57
people silhouette cad block,2,6,33.33%,2.17
people cad elevation,2,6,33.33%,8.33
library cad blocks free download,2,5,40%,24.4
vector people from above,2,4,50%,16
kids cad blocks,2,3,66.67%,9
people dwg download,2,2,100%,1
trees autocad block,2,2,100%,17.5
sanaa people,1,1898,0.05%,1.02
people vector,1,637,0.16%,21.73
cadblocks,1,496,0.2%,11.2
cars cad blocks,1,353,0.28%,8.6
car vector,1,251,0.4%,60.46
vector people,1,221,0.45%,23.63
cad blocks tree,1,186,0.54%,7.82
2d tree drawing,1,168,0.6%,1
car 2d drawing,1,167,0.6%,6.35
cars 2d,1,146,0.68%,3.33
2d cad blocks,1,123,0.81%,22.35
human png,1,121,0.83%,28.18
tree block dwg,1,117,0.85%,8.65
autocad blocks free download,1,111,0.9%,31.46
drawing.com,1,107,0.93%,14.33
people 2d,1,103,0.97%,3.96
car cadblock,1,96,1.04%,7.44
human scale dwg,1,95,1.05%,8.81
trees block,1,90,1.11%,6.59
trees blocks,1,90,1.11%,7.86
human figures cad blocks,1,89,1.12%,9
vehicle dwg,1,88,1.14%,8.52
free cad blocks cars,1,85,1.18%,4.96
autocad person,1,84,1.19%,9.39
dwg menschen,1,84,1.19%,9.43
tree 2d drawing,1,83,1.2%,1
pimp silhouette,1,83,1.2%,1.11
cadpeople,1,83,1.2%,13.18
cad blocks free download,1,83,1.2%,24.81
cad tree dwg,1,81,1.23%,6.15
cad block free,1,80,1.25%,19.2
2d cad human blocks,1,78,1.28%,6.28
tree cad block free,1,77,1.3%,7.05
autocad 2d car blocks free download,1,74,1.35%,10.93
car cad block free download,1,73,1.37%,7.49
2d blocks,1,69,1.45%,12.06
artist cad blocks,1,68,1.47%,9.26
car cad files,1,67,1.49%,8.28
personen dwg,1,66,1.52%,10.97
car blocks cad,1,65,1.54%,8.32
dwg human,1,63,1.59%,8.73
person autocad,1,62,1.61%,7.82
silhouette autocad,1,61,1.64%,10.1
sanaa people vector,1,60,1.67%,2.1
cad menschen 2d,1,60,1.67%,8.83
human silhouette drawing,1,59,1.69%,8.59
tree cad png,1,57,1.75%,1.39
people cadblock,1,57,1.75%,6.07
person autocad block,1,57,1.75%,6.25
free vector people,1,57,1.75%,18.56
free download vector,1,56,1.79%,54.27
2d car drawings,1,55,1.82%,3.73
people blocks autocad,1,55,1.82%,7.09
figure dwg,1,55,1.82%,8.13
silhouette entourage,1,55,1.82%,8.18
cad block free dwg,1,54,1.85%,9.3
cad blocks people elevation,1,54,1.85%,12.91
people silhouettes,1,54,1.85%,21.94
man cad,1,53,1.89%,4.94
people dwg block,1,52,1.92%,4.73
2d people,1,49,2.04%,20.94
cad vehicles,1,48,2.08%,9.75
free dwg library,1,48,2.08%,12.77
tree dwg block,1,47,2.13%,9.34
cad blocks person,1,46,2.17%,5.04
cadblocks trees,1,44,2.27%,6.64
trees in cad,1,44,2.27%,7.98
man autocad block,1,43,2.33%,7.4
car autocad,1,43,2.33%,12.58
pimp people,1,42,2.38%,1.74
cad trees free,1,42,2.38%,5.98
autocad blocks dwg free download,1,41,2.44%,35.49
chef cad block,1,40,2.5%,8.62
cad blocks downloads,1,39,2.56%,62.72
cad block free download,1,37,2.7%,22.68
human figure cad,1,36,2.78%,9.5
men dwg,1,34,2.94%,4.26
tree cad free,1,34,2.94%,6.79
human sitting cad block,1,34,2.94%,9.38
cad menschen,1,34,2.94%,13.5
free vector tree,1,34,2.94%,32.53
cad car drawing,1,33,3.03%,6.88
cad tree download,1,33,3.03%,8.33
people in autocad,1,33,3.03%,8.42
cad block download,1,33,3.03%,17.79
block cars,1,33,3.03%,22.79
cad blocks for trees,1,32,3.12%,9.62
cadblock car,1,31,3.23%,5.13
sitting people cad,1,31,3.23%,9.1
cad drawing people,1,30,3.33%,4.1
free autocad block,1,29,3.45%,35.86
cad library free,1,29,3.45%,57.41
dwg models 2d,1,28,3.57%,9.21
cad blocks dwg,1,28,3.57%,18.29
cad drawings cars,1,27,3.7%,4.48
man sitting cad block,1,27,3.7%,6.96
scale figures vector,1,27,3.7%,7.78
human figure cad blocks,1,27,3.7%,9.15
treecad,1,27,3.7%,39.41
shopping cart 2d cad block,1,27,3.7%,39.74
people sitting cad blocks,1,26,3.85%,9.81
cad block of car,1,25,4%,5.6
cad human blocks,1,25,4%,9.04
autocad block free download,1,25,4%,32.64
dwg personen,1,24,4.17%,9.88
trees block cad,1,23,4.35%,9.3
tree cad file,1,23,4.35%,13.61
free cad blocks dwg,1,23,4.35%,19.13
sunglasses dwg,1,22,4.55%,8.23
leaf cad block,1,22,4.55%,10.09
person sitting cad block,1,21,4.76%,10.62
2d cad block,1,21,4.76%,11.71
autocad figures,1,21,4.76%,18.48
autocad tree blocks free download,1,21,4.76%,19.24
cad block person sitting,1,20,5%,7.9
wicker basket cad block,1,20,5%,9.75
humans dwg,1,19,5.26%,5
person on bike cad block,1,19,5.26%,10.63
free autocad blocks-people in plan,1,19,5.26%,14.74
artist cad block,1,18,5.56%,7.44
free 2d people,1,18,5.56%,10.17
tree elevation cad,1,18,5.56%,21.67
dwg 2d,1,18,5.56%,23.11
cad people elevation,1,17,5.88%,10.76
pine tree 2d,1,16,6.25%,1.44
people elevation cad,1,16,6.25%,10.25
outline people png,1,15,6.67%,6.87
cad block people sitting,1,15,6.67%,7.07
block cad tree,1,15,6.67%,9.2
dwg cad blocks,1,15,6.67%,14.8
cad human,1,15,6.67%,38.67
graffiti dwg,1,14,7.14%,2.79
olive tree cad,1,14,7.14%,9.57
cyclist cad block,1,14,7.14%,17.14
sanaa cad blocks,1,12,8.33%,7.17
bucket cad block,1,12,8.33%,8.25
trees elevation dwg,1,12,8.33%,9.58
fashion mannequin cad block free,1,12,8.33%,20.5
vector people' free illustrator,1,12,8.33%,29
vector entourage,1,11,9.09%,5.55
autocad person outline,1,11,9.09%,9.18
autocad blocks construction workers,1,11,9.09%,9.36
auto dwg free download,1,11,9.09%,9.64
autocad isometric blocks free download,1,11,9.09%,19.82
block autocad free download dwg,1,11,9.09%,22.27
golf car dwg,1,10,10%,7.3
cad people plan,1,10,10%,16.8
autocad 2d blocks human figure,1,10,10%,18.2
rhino 2d people,1,9,11.11%,4.11
blocks dwg,1,9,11.11%,16.56
people in plan dwg,1,9,11.11%,16.67
autocad elevation blocks free download,1,9,11.11%,31.33
car vector download,1,9,11.11%,36
free cad cars,1,8,12.5%,3.5
people cadblocks,1,8,12.5%,4.88
person sitting cad,1,8,12.5%,11.75
dwg free blocks,1,8,12.5%,15
auto dwg free,1,8,12.5%,23.38
santa claus dwg,1,7,14.29%,1.29
human 2d drawing,1,7,14.29%,1.57
cars block,1,7,14.29%,5.14
car front dwg,1,7,14.29%,7.43
persone cad,1,7,14.29%,8.29
tree blocks dwg,1,7,14.29%,10.43
human top view dwg,1,7,14.29%,14.57
autocad 2d car drawing with dimensions,1,7,14.29%,18.43
bicycle 2d dwg free,1,7,14.29%,25.57
free people cad,1,6,16.67%,2.17
free car cad block,1,6,16.67%,3.33
rowing dwg,1,6,16.67%,4
cad block people plan,1,6,16.67%,13.17
skateboard dwg,1,6,16.67%,13.5
cad people in plan,1,6,16.67%,16
2d cad blocks free download,1,6,16.67%,19
car vector 2d,1,5,20%,8.2
free scale figures,1,5,20%,9
cad block people elevation,1,5,20%,9.8
swimmer cad block,1,5,20%,11.4
architecture silhouettes illustrator,1,5,20%,16
cutout people sitting,1,5,20%,43.8
cad scale figure,1,4,25%,1.5
bmw cad block,1,4,25%,11.25
hat cad block,1,4,25%,11.5
people axo,1,4,25%,12
plan people cad,1,4,25%,14.25
car blocks dwg,1,3,33.33%,6.67
swimming people dwg,1,3,33.33%,7.33
trees elevation cad,1,3,33.33%,11.67
cad blocks people plan,1,3,33.33%,16.33
cad 2d blocks,1,3,33.33%,21
cad tree elevation,1,3,33.33%,28.67
car parking dwg free download,1,3,33.33%,28.67
school furniture cad blocks download,1,3,33.33%,56
free dwg cars,1,2,50%,1.5
people walking cad,1,2,50%,2
people autocad free,1,2,50%,4
elevation sketch people,1,2,50%,7
architecture people outline,1,2,50%,7.5
suitcase dwg,1,2,50%,10
foliage cad block,1,2,50%,11
arches dwg free,1,2,50%,16
music cad block,1,2,50%,22
staircase elevation cad block,1,2,50%,24
cad 2d people,1,1,100%,1
people for cad,1,1,100%,5
sanaa people ai,1,1,100%,9
dancer cad block,1,1,100%,12
tree .ai,1,1,100%,13
mannequin cad blocks free download,1,1,100%,16
people axonometric png,1,1,100%,16
school cad block,1,1,100%,20
png silhouette people,1,1,100%,22
car drawing with dimensions,1,1,100%,29
autocad 2d furniture blocks dwg free download,1,1,100%,34
isometric people free,1,1,100%,37
2d tree,0,1623,0%,2.61
car 2d,0,570,0%,2.16
2d person,0,438,0%,2.61
2d cars,0,404,0%,3.61
person vector,0,365,0%,23.21
tree vector,0,336,0%,52.83
person silhouette,0,330,0%,28.19
sanna people,0,316,0%,1
people silhouette,0,276,0%,26.89
trees vector,0,275,0%,33.59
free dwg,0,270,0%,55.5
vector free,0,261,0%,83.34
vector tree,0,254,0%,42.38
silhouette vector,0,246,0%,37.08
cars vector,0,219,0%,53.89
2d car,0,206,0%,11.15
sanaa people png,0,177,0%,1.05
trees 2d,0,177,0%,3.38
free 2d cad,0,177,0%,75.03
vector cars,0,174,0%,60.21
autocad person block,0,159,0%,8.7
vectors tree,0,157,0%,33.71
tree vectors,0,150,0%,28.62
vector silhouettes,0,150,0%,41.81
people drawing,0,148,0%,81.39
dwg free,0,142,0%,54.87
drawing vectors,0,133,0%,82.75
car cad drawing,0,130,0%,6.98
cars cad block,0,126,0%,8.08
download cad blocks,0,120,0%,21.52
2d car drawing,0,119,0%,8.93
vectors free,0,118,0%,58.53
free vector car,0,114,0%,34.75
my cad,0,106,0%,10.57
architecture vector free,0,103,0%,47.81
tree cadblock,0,102,0%,7.71
man vector,0,100,0%,55.73
free vector silhouettes people,0,99,0%,43.92
people free vector,0,95,0%,24.52
download vector,0,95,0%,82.42
free download cad blocks,0,94,0%,27.39
silhouette drawing,0,92,0%,21.76
silhouette man vector,0,91,0%,36.4
download autocad blocks,0,91,0%,40.67
silhouette people,0,90,0%,23.67
free vector women,0,90,0%,38.59
silhouettes vector,0,89,0%,36.78
cad blocks cars 2d,0,88,0%,3.27
people silhouette vector,0,88,0%,24.52
car free vector,0,88,0%,28.22
vector of people,0,88,0%,30.69
2d blocks for autocad,0,88,0%,41.31
my drawing,0,87,0%,17.82
vector cad,0,87,0%,24.94
plant cad block,0,86,0%,25.36
vector download,0,86,0%,80.94
block trees,0,82,0%,4.9
people silhouette sitting,0,82,0%,28.84
vector person,0,80,0%,15.24
vector trees,0,77,0%,23.49
human elevation cad block,0,73,0%,8.85
dwg vector,0,70,0%,4.31
cad vector,0,70,0%,18.27
autocad tree blocks,0,69,0%,32.59
cool cad drawings,0,68,0%,7.41
vector car,0,68,0%,81.44
trees cadblock,0,65,0%,8.2
how to draw a 2d person,0,63,0%,1.54
cadblock tree,0,62,0%,7.77
people block autocad,0,62,0%,8.13
people vectors,0,61,0%,19.93
car plan cad block,0,60,0%,8.35
mensch dwg,0,60,0%,9.18
shilouette vector,0,60,0%,37.48
trees cad block download,0,59,0%,9
dwg download,0,58,0%,74.71
2d cad drawings free download,0,57,0%,64.3
person flying drawing,0,56,0%,2.46
cad tree free,0,56,0%,7.16
autocad car block,0,56,0%,40
free vector silhouettes,0,56,0%,49.5
cad 2d free,0,55,0%,78.84
2d cad blocks dwg,0,54,0%,12.98
cad drawings of cars,0,53,0%,5.11
autocad blocks download,0,53,0%,44.19
tree section dwg,0,52,0%,7.04
bags cad block,0,52,0%,7.25
man silhouette drawing,0,52,0%,8.81
bmw x5 dwg,0,52,0%,9.25
car vectors,0,52,0%,38.02
autocad 2d drawings free download,0,52,0%,74.77
car autocad block,0,51,0%,11.02
dwg models,0,51,0%,39.37
leaves dwg,0,50,0%,1
car plan dwg,0,50,0%,8.26
silhouettes of people,0,49,0%,18.27
free 2d cad blocks plants,0,49,0%,37.22
cad dwg,0,49,0%,39.22
car cad drawings,0,48,0%,5.73
trees cad blocks free download,0,48,0%,8.94
dwg free download,0,48,0%,71.88
auto cad people,0,47,0%,6.28
architectural scale figures silhouette,0,47,0%,10.36
free 2d cad blocks,0,47,0%,16.87
block 2d,0,47,0%,19.38
ai drawing,0,47,0%,44.6
scale figure vector,0,46,0%,8.7
people png,0,46,0%,71.61
saana people,0,45,0%,1
cad tree png,0,45,0%,1.64
dwgmodels,0,45,0%,8
autocad trees,0,45,0%,49.02
ai trees,0,44,0%,3.05
2d man,0,44,0%,4
cad drawing of a car,0,44,0%,6.61
cad symbols free download,0,44,0%,29
architectural cad blocks,0,44,0%,38.14
plant cad blocks,0,44,0%,44.3
siluette dwg,0,43,0%,6.63
2d cad plant blocks,0,43,0%,34.07
vehicles dwg,0,42,0%,7.86
person silhouette vector,0,42,0%,22.05
autocad library free download,0,42,0%,40.98
cad boy,0,41,0%,4.68
tree dwg download free,0,41,0%,7.63
audi q7 dwg,0,41,0%,8.56
cad blocks guitar,0,41,0%,14.22
phonehero,0,41,0%,73.61
block cad car,0,40,0%,8.65
arabic cad blocks,0,40,0%,15.28
free architectural cad blocks,0,40,0%,28.7
happy person drawing,0,40,0%,77.47
cars blocks,0,39,0%,8.08
workers cad blocks,0,39,0%,14.36
people walking silhouette,0,39,0%,43.87
free 2d cad library,0,39,0%,57.9
cad drawings free download,0,39,0%,70.77
people drawing png,0,38,0%,1.45
dog dwg,0,38,0%,9.63
dwg personnage,0,38,0%,12.47
dwg cad blocks free,0,38,0%,15.58
cad blocks children,0,38,0%,18.32
sport cad blocks,0,38,0%,19.61
free download 2d cad blocks,0,38,0%,30.89
autocad blocks dwg,0,38,0%,30.97
people sitting silhouette,0,38,0%,31.26
cad blocks bike,0,38,0%,32.63
autocad blocks library free,0,38,0%,40.97
3d cad blocks trees,0,38,0%,54.39
bottles cad blocks,0,37,0%,18.38
autocad 3d person block,0,37,0%,20.35
free 2d cad blocks download,0,37,0%,25.54
cad blocks architecture,0,37,0%,29.24
2d cad blocks download,0,37,0%,29.95
car wash cad blocks,0,37,0%,33.81
drawing com,0,37,0%,34.86
section cad blocks,0,37,0%,36.46
site cad blocks,0,37,0%,51.65
2d kitchen cad blocks free,0,37,0%,58.86
kids cad block,0,36,0%,7.14
pimp my moustache,0,36,0%,7.75
autocad figures free download,0,36,0%,17.42
spa cad blocks,0,36,0%,68.83
vector free download,0,36,0%,70.28
cadblock trees,0,35,0%,7.6
freedwg,0,35,0%,15.03
bed cad block,0,35,0%,36.94
tree vector free download,0,35,0%,43.17
autocad tree,0,35,0%,54.37
free cad drawings library,0,35,0%,60.23
3d blocks for autocad download free,0,35,0%,60.8
vectors download,0,35,0%,61.71
flying person drawing,0,34,0%,1
silhouette scale figures,0,33,0%,7.39
mydrawing,0,33,0%,7.88
dwg block,0,33,0%,25.61
pool cad blocks,0,33,0%,31.12
autocad 3d people blocks,0,33,0%,48.03
animal cad blocks,0,33,0%,60.24
free silhouettes,0,33,0%,73.21
rhino 2d human figure,0,32,0%,4.34
scale figure silhouette,0,32,0%,7.53
om cad block,0,32,0%,9.72
drawing dwg,0,32,0%,13.66
people silhouette png,0,32,0%,24.31
autocad 2d block free download,0,32,0%,48.56
humans cad block,0,31,0%,8.81
cad b√§ume 2d kostenlos,0,31,0%,9.35
persone dwg,0,31,0%,35
man silhouette vector,0,31,0%,40.39
car vecter,0,31,0%,62.74
how to draw a pimp,0,30,0%,3.03
car cad dwg,0,30,0%,5.73
human blocks,0,30,0%,8.2
tree cad download,0,30,0%,8.77
dwg human figure,0,30,0%,9.37
tree cad drawing,0,30,0%,10.73
2d pine tree,0,29,0%,1.93
figure cad,0,29,0%,8.14
autocad man block,0,29,0%,11
cad-block,0,29,0%,11.86
free vector trees,0,29,0%,28.52
car elevation png,0,29,0%,40.41
free cad drawings download architecture,0,29,0%,54.69
cad human block,0,28,0%,8.54
cad trees blocks,0,28,0%,9.39
autocad blocks cars,0,28,0%,10.89
free autocad car blocks,0,28,0%,11.18
acad blocks,0,28,0%,25.89
cad block library,0,28,0%,53.68
exercise cad blocks,0,28,0%,81.57
2d car model,0,27,0%,1.59
cad woman,0,27,0%,2.44
cute cad,0,27,0%,7.19
phone cad block,0,27,0%,8.67
tree cad blocks free download,0,27,0%,10.3
personnage dwg,0,27,0%,23.04
funny cad,0,26,0%,6.62
autocad car,0,26,0%,22.88
free blocks cad,0,26,0%,23.77
bike dwg,0,26,0%,62.27
car 2d vector,0,25,0%,9.08
tree cad block free download,0,25,0%,9.44
how to draw a person sitting on the ground,0,25,0%,18.64
ai to dwg,0,25,0%,23.36
free dwg drawings,0,25,0%,71.88
drawing human silhouette,0,24,0%,3.88
cad blocks free trees,0,24,0%,7.58
autocad blocks trees,0,24,0%,13.33
cadd blocks,0,24,0%,27.17
vector tree png,0,24,0%,29.83
person walking silhouette,0,24,0%,36.71
silhouette drawings,0,24,0%,41
drawings of cars,0,24,0%,58.79
free cad templates,0,24,0%,61.46
2d cad library,0,24,0%,70.29
2d cad,0,24,0%,95.21
trees cad block free download,0,23,0%,9.35
bike cad block,0,23,0%,35.57
tree vector png,0,23,0%,39.52
stair elevation dwg,0,23,0%,75.09
couple with dog drawing,0,22,0%,1
two people png,0,22,0%,1
person drawing png,0,22,0%,2.86
acad tree,0,22,0%,7.5
leaf dwg,0,22,0%,7.5
autocad block car,0,22,0%,11
person sitting silhouette,0,22,0%,32.59
2d autocad blocks,0,22,0%,53.45
cad free,0,22,0%,76.14
person 2d,0,21,0%,1.19
blocks people,0,21,0%,6.81
person silhouette drawing,0,21,0%,8.05
dwg dog,0,21,0%,8.14
person sitting outline,0,21,0%,8.76
cad blocks of trees,0,21,0%,8.81
woman cad block,0,21,0%,9.19
free cad blocks download,0,21,0%,27.67
autocad blocks free,0,21,0%,39.19
autocad block download,0,21,0%,41.38
2d person drawing,0,20,0%,1
2d people vector,0,20,0%,3.45
car entourage architecture,0,20,0%,7.45
cad block human figure,0,20,0%,8.15
people elevation png,0,20,0%,8.25
painting dwg,0,20,0%,8.8
human dwg free,0,20,0%,9.15
tree in cad,0,20,0%,9.35
free cad tree,0,20,0%,9.5
axonometric cad blocks,0,20,0%,10.25
free blocks,0,20,0%,18.25
cad free blocks,0,20,0%,26.5
human hand vector free download,0,20,0%,32.15
autocad drawings free download 2d,0,20,0%,35.75
tree plan dwg,0,20,0%,56.85
girl running drawing,0,20,0%,75.35
how to draw a person standing,0,20,0%,75.6
2d cad free,0,20,0%,80.9
tree drawing 2d,0,19,0%,1
cad humans,0,19,0%,6.32
pimpmy,0,19,0%,8.26
child dwg,0,19,0%,9.32
mannequin autocad block free,0,19,0%,16.79
download cad block,0,19,0%,18.26
person vector silhouette,0,19,0%,27.58
person png,0,19,0%,46.11
scale figures architecture,0,19,0%,87
2d vector tree,0,18,0%,2.5
people silhouette drawing,0,18,0%,6.89
cars in cad,0,18,0%,8.17
kid cad block,0,18,0%,9.28
cap guy walk png,0,18,0%,9.56
sitting cad block,0,18,0%,9.61
tree elevation dwg,0,18,0%,10.22
tree blocks cad,0,18,0%,12.78
free people vector,0,18,0%,18.06
people vector png,0,18,0%,20.11
dwg models free download,0,18,0%,23.56
cad-blocks,0,18,0%,25.33
pimp download,0,18,0%,28.94
autocad blocks free download 2d,0,18,0%,32.5
autocad block library download,0,18,0%,39.33
silhouette person,0,18,0%,40
human silhouette png,0,18,0%,40.61
people walking png,0,18,0%,40.83
ford car vector,0,18,0%,50.22
vector art people,0,18,0%,52.72
tree plan vector,0,18,0%,58.56
cad dwg free download,0,18,0%,58.89
funny vector,0,18,0%,68.56
free download autocad drawings dwg,0,18,0%,68.78
free vectors download,0,18,0%,73.44
2d templates cad,0,18,0%,84.22
free vector download,0,18,0%,87.67
human 2d png,0,17,0%,1
tree png cad,0,17,0%,3.06
car drawing 2d,0,17,0%,4.41
dwg trees free,0,17,0%,5.35
car section dwg,0,17,0%,7.41
scale person vector,0,17,0%,9.71
suitcase cad block,0,17,0%,10.94
baby stroller cad block,0,17,0%,13.88
automobile dwg,0,17,0%,15.59
autocad 2d car drawing,0,17,0%,21.12
autocad library free download dwg,0,17,0%,24.41
cad blocks for free,0,17,0%,25.47
man vector png,0,17,0%,27.59
person silhouette png,0,17,0%,29.53
stairs cad block,0,17,0%,34.59
autocad 2d library free download,0,17,0%,38.53
person silhouette outline,0,17,0%,38.94
human vector silhouette,0,17,0%,40.88
cad library free download,0,17,0%,48.12
cool tree drawings,0,17,0%,87.71
flying people drawing,0,16,0%,2
woman cad,0,16,0%,3.38
2d drawing car,0,16,0%,3.69
tree cad elevation,0,16,0%,8.25
people looking png,0,16,0%,8.38
people dwg plan,0,16,0%,9.5
2d car vector,0,16,0%,9.56
punching bag cad block,0,16,0%,9.69
violin dwg,0,16,0%,10
people elevation cad block,0,16,0%,10.31
woman silhouette drawing,0,16,0%,27.62
autocad blocks 2d,0,16,0%,28.56
tree ai,0,16,0%,45.88
how to draw a person walking,0,16,0%,45.94
tree without leaves drawing,0,16,0%,46.12
outline drawings of people,0,16,0%,46.69
architectural autocad drawings free download,0,16,0%,50.38
old woman drawing,0,16,0%,65.62
cad drawing free download,0,16,0%,72.69
autocad drawings download dwg,0,16,0%,76.19
looking good download,0,16,0%,80.81
dwg drawings free download,0,16,0%,82.75
vector download free,0,16,0%,94
vector drawing person,0,15,0%,1
car dwg plan,0,15,0%,6.6
2d people sitting,0,15,0%,7.2
silhouette person drawing,0,15,0%,7.6
bag cad,0,15,0%,7.67
trees blocks dwg,0,15,0%,8.2
hoodie cad drawing,0,15,0%,8.53
trees elevation cad block,0,15,0%,10
persons vector,0,15,0%,13.6
bmw x5 logo vector,0,15,0%,16.53
cad blocks dwg free download,0,15,0%,18.2
autocad vehicle blocks free download,0,15,0%,19.93
dwg library free download,0,15,0%,23.87
2d people png,0,15,0%,29.33
person silhouette vector free,0,15,0%,32.93
man vector silhouette,0,15,0%,36.93
vector silhouette,0,15,0%,38.53
human silhouette walking,0,15,0%,39.07
human silhouette vector,0,15,0%,46.73
autocad file free download,0,15,0%,50.6
rhino tree model,0,15,0%,62.8
pimp my pimp,0,15,0%,66.33
trees without leaves,0,15,0%,82.73
2d car dwg,0,14,0%,2.64
funny cad drawings,0,14,0%,5.21
2d block png,0,14,0%,5.5
kid dwg,0,14,0%,7.86
pimp my mustache,0,14,0%,9.36
entourage vector,0,14,0%,9.5
cad block vehicles,0,14,0%,9.93
free people vectors,0,14,0%,11
cad png,0,14,0%,11.14
cad human figure,0,14,0%,12.43
people plan dwg,0,14,0%,17.21
drawing silhouettes,0,14,0%,17.93
kid cad download,0,14,0%,29.64
autocad free blocks,0,14,0%,42.29
free pimp,0,14,0%,46.71
how to draw a boy standing,0,14,0%,58.21
autocad blocks,0,14,0%,60
autocad 3d blocks free,0,14,0%,60.36
woman vector,0,14,0%,61.79
bike cad download free,0,14,0%,74.64
free vectores,0,14,0%,84.29
architecture render people,0,14,0%,90.71
drawing people png,0,13,0%,1
sanna people png,0,13,0%,1
couple walking drawing,0,13,0%,4.23
human cad block free download,0,13,0%,7.38
kids autocad,0,13,0%,8.38
man autocad,0,13,0%,9
autocad man figure,0,13,0%,9.31
autocad blocks car,0,13,0%,10.62
mannequin autocad block 2d,0,13,0%,10.62
free autocad tree blocks,0,13,0%,15.77
yoga cad block free,0,13,0%,15.92
car plan cad,0,13,0%,20.54
people vector free download,0,13,0%,20.69
autocad tree download,0,13,0%,28.08
autocad dwg library free download,0,13,0%,28.92
free ai vectors,0,13,0%,31.62
cad templates free download,0,13,0%,34.23
autocad 2d blocks free download,0,13,0%,34.92
bicycle 2d cad block,0,13,0%,35.92
library cad blocks,0,13,0%,37.62
bed cad blocks,0,13,0%,39.08
silhouette vector free,0,13,0%,44.08
car blocks,0,13,0%,48.62
autocad architecture library free download,0,13,0%,48.77
drawing blocks,0,13,0%,57.23
trees without leaves drawing,0,13,0%,59.46
stairs dwg,0,13,0%,64.38
dwg drawing,0,13,0%,67.31
pimp my sword,0,13,0%,70.08
wall vector,0,13,0%,76
download dwg,0,13,0%,79.92
dwg architectural drawings,0,13,0%,84.69
human elevation png,0,12,0%,4.42
car silhouette dwg,0,12,0%,5.58
vector drawing people,0,12,0%,5.58
silhouette scale figure,0,12,0%,6.67
autocad human silhouette download,0,12,0%,8.67
car 2d drawings with dimensions,0,12,0%,8.67
cadblock free,0,12,0%,9.92
leaves cad block,0,12,0%,9.92
vectors people,0,12,0%,16.25
autocad block man sitting in a chair,0,12,0%,16.83
free vector cars,0,12,0%,20.58
car vector ai,0,12,0%,21.67
silhouettes people,0,12,0%,23.42
block cad free,0,12,0%,23.92
vector people silhouettes,0,12,0%,26.33
silhouette people running,0,12,0%,26.5
dwg persone,0,12,0%,29.92
architectural cad blocks free download,0,12,0%,32.33
bottle dwg,0,12,0%,33.08
tree plan vector free download,0,12,0%,33.92
personnages dwg,0,12,0%,35.17
man silhouette png,0,12,0%,43.42
autocad cars,0,12,0%,45.08
cute people drawings,0,12,0%,50.67
old people drawing,0,12,0%,50.83
tree elevation png,0,12,0%,55.33
autocad 2d blocks,0,12,0%,56.17
autocad templates free download,0,12,0%,62.08
pimp png,0,12,0%,74.5
free autocad dwg,0,12,0%,75.5
free vectors,0,12,0%,84.5
home vector free download,0,12,0%,86.58
drawings of people,0,12,0%,87.42
pimp my library,0,12,0%,92.58
2d human figure,0,11,0%,1
cad trees png,0,11,0%,1
flying man drawing,0,11,0%,1
bags dwg,0,11,0%,7.82
architecture vector people,0,11,0%,9.82
backpack dwg,0,11,0%,9.91
car autocad blocks,0,11,0%,10.45
autocad man,0,11,0%,11.09
car block,0,11,0%,12.82
cad personen,0,11,0%,15.18
dwg blocks free,0,11,0%,16.27
mannequin blocks autocad free download,0,11,0%,16.64
drawings of people standing,0,11,0%,20.55
